{"cameraMode":{"drawMode":0,"name":"Shaded","section":"Shading Mode"},"sceneLighting":false,"audioPlay":false,"sceneViewState":{"m_AlwaysRefresh":false,"showFog":true,"showSkybox":true,"showFlares":true,"showImageEffects":true,"showParticleSystems":true,"showVisualEffectGraphs":true,"m_FxEnabled":false},"in2DMode":false,"pivot":{"x":3.0065903663635256,"y":1.342611312866211,"z":21.309152603149415},"rotation":{"x":-0.15920713543891908,"y":0.02521105855703354,"z":-0.004104637075215578,"w":-0.9869388341903687},"size":6.431721210479736,"orthographic":false}