{"cameraMode":{"drawMode":0,"name":"Shaded","section":"Shading Mode"},"sceneLighting":false,"audioPlay":false,"sceneViewState":{"m_AlwaysRefresh":false,"showFog":true,"showSkybox":true,"showFlares":true,"showImageEffects":true,"showParticleSystems":true,"showVisualEffectGraphs":true,"m_FxEnabled":true},"in2DMode":false,"pivot":{"x":9.999938011169434,"y":1.1920928955078126e-7,"z":9.999849319458008},"rotation":{"x":-0.06654726713895798,"y":0.10014884173870087,"z":-0.0067507377825677399,"w":-0.9927441477775574},"size":1.2353919744491578,"orthographic":false}