{"cameraMode":{"drawMode":0,"name":"Shaded","section":"Shading Mode"},"sceneLighting":false,"audioPlay":false,"sceneViewState":{"m_AlwaysRefresh":false,"showFog":true,"showSkybox":true,"showFlares":true,"showImageEffects":true,"showParticleSystems":true,"showVisualEffectGraphs":true,"m_FxEnabled":false},"in2DMode":false,"pivot":{"x":18.199941635131837,"y":1.0000001192092896,"z":35.83735275268555},"rotation":{"x":0.16129742562770844,"y":-0.06034993380308151,"z":0.009874770417809487,"w":0.9850179553031921},"size":5.066025733947754,"orthographic":false}