{"cameraMode":{"drawMode":0,"name":"Shaded","section":"Shading Mode"},"sceneLighting":false,"audioPlay":false,"sceneViewState":{"m_AlwaysRefresh":false,"showFog":true,"showSkybox":false,"showFlares":true,"showImageEffects":true,"showParticleSystems":true,"showVisualEffectGraphs":true,"m_FxEnabled":false},"in2DMode":false,"pivot":{"x":-0.4798821210861206,"y":-0.16945958137512208,"z":-0.7810009717941284},"rotation":{"x":0.0595921091735363,"y":-0.8844091296195984,"z":0.11769901216030121,"w":0.44769877195358279},"size":1.5482096672058106,"orthographic":false}