{"cameraMode":{"drawMode":0,"name":"Shaded","section":"Shading Mode"},"sceneLighting":false,"audioPlay":false,"sceneViewState":{"m_AlwaysRefresh":false,"showFog":true,"showSkybox":false,"showFlares":true,"showImageEffects":true,"showParticleSystems":true,"showVisualEffectGraphs":true,"m_FxEnabled":false},"in2DMode":false,"pivot":{"x":0.04841780662536621,"y":-0.11509102582931519,"z":-0.20774143934249879},"rotation":{"x":0.08379906415939331,"y":-0.8158875703811646,"z":0.12231048196554184,"w":0.5589032769203186},"size":0.7570222020149231,"orthographic":false}