{"cameraMode":{"drawMode":0,"name":"Shaded","section":"Shading Mode"},"sceneLighting":false,"audioPlay":false,"sceneViewState":{"m_AlwaysRefresh":false,"showFog":true,"showSkybox":false,"showFlares":true,"showImageEffects":true,"showParticleSystems":true,"showVisualEffectGraphs":true,"m_FxEnabled":false},"in2DMode":false,"pivot":{"x":0.5647321343421936,"y":-0.26160526275634768,"z":-0.28710174560546877},"rotation":{"x":0.04145154356956482,"y":-0.9572092294692993,"z":0.2269618660211563,"w":0.17478039860725404},"size":1.3570222854614258,"orthographic":false}